,gene_name,isoform1_name,isoform2_name,gene_num
0,ZRANB2,P.r1.ZRANB2,P.r2.ZRANB2,2
1,ZNF839,P.r1.ZNF839,P.r2.ZNF839,5
2,ZNF80,P.r1.ZNF80,P.r2.ZNF80,6
3,ZNF692,P.r1.ZNF692,P.r2.ZNF692,10
4,ZNF609,P.r1.ZNF609,P.r2.ZNF609,14
5,ZNF532,P.r1.ZNF532,P.r2.ZNF532,18
6,ZNF420,P.r1.ZNF420,P.r2.ZNF420,25
7,ZNF215,P.r1.ZNF215,P.r2.ZNF215,36
8,ZNF106,P.r1.ZNF106,P.r2.ZNF106,40
9,ZFP30,P.r1.ZFP30,P.r3.ZFP30,48
10,ZFAND6,P.r1.ZFAND6,P.r2.ZFAND6,50
11,ZFAND2B,P.r1.ZFAND2B,P.r2.ZFAND2B,51
12,ZEB2,P.r1.ZEB2,P.r2.ZEB2,54
13,ZDHHC2,P.r1.ZDHHC2,P.r2.ZDHHC2,57
14,ZC3H4,P.r2.ZC3H4,P.r3.ZC3H4,64
15,ZBTB7A,P.r1.ZBTB7A,P.r2.ZBTB7A,66
16,ZBTB18,P.r1.ZBTB18,P.r2.ZBTB18,70
17,YWHAZ,P.r1.YWHAZ,P.r2.YWHAZ,74
18,YIF1B,P.r1.YIF1B,P.r2.YIF1B,78
19,WHRN,P.r1.WHRN,P.r2.WHRN,88
20,WDR81,P.r1.WDR81,P.r2.WDR81,92
21,WDR66,P.r1.WDR66,P.r2.WDR66,93
22,WDR45B,P.r1.WDR45B,P.r2.WDR45B,96
23,WDR34,P.r1.WDR34,P.r2.WDR34,97
24,VSIR,P.r1.VSIR,P.r2.VSIR,101
25,VSIG10,P.r1.VSIG10,P.r2.VSIG10,102
26,VPS26B,P.r1.VPS26B,P.r2.VPS26B,105
27,VPS13D,P.r1.VPS13D,P.r2.VPS13D,106
28,VNN2,P.r1.VNN2,P.r2.VNN2,108
29,VMP1,P.r1.VMP1,P.r2.VMP1,109
30,VIPR1,P.r1.VIPR1,P.r2.VIPR1,110
31,VAT1,P.r1.VAT1,P.r3.VAT1,116
32,UXS1,P.r2.UXS1,P.r3.UXS1,119
33,UTRN,P.r1.UTRN,P.r3.UTRN,121
34,USP7,P.r1.USP7,P.r2.USP7,122
35,USP22,P.r1.USP22,P.r2.USP22,130
36,UNC45A,P.r1.UNC45A,P.r2.UNC45A,139
37,UBE4B,P.r1.UBE4B,P.r2.UBE4B,150
38,UBC,P.r1.UBC,P.r2.UBC,155
39,TXNL1,P.r1.TXNL1,P.r2.TXNL1,163
40,TUBA1C,P.r1.TUBA1C,P.r2.TUBA1C,170
41,TTYH3,P.r1.TTYH3,P.r2.TTYH3,171
42,TTLL12,P.r1.TTLL12,P.r2.TTLL12,173
43,TSPAN4,P.r1.TSPAN4,P.r2.TSPAN4,180
44,TSPAN3,P.r1.TSPAN3,P.r2.TSPAN3,181
45,TSN,P.r1.TSN,P.r2.TSN,184
46,TSC22D1-AS1,P.r1.TSC22D1.AS1,P.r2.TSC22D1.AS1,188
47,TSC22D1,P.r1.TSC22D1,P.r2.TSC22D1,189
48,TRPV3,P.r1.TRPV3,P.r2.TRPV3,191
49,TRIM41,P.r1.TRIM41,P.r2.TRIM41,200
50,TRIM36,P.r1.TRIM36,P.r2.TRIM36,201
51,TRIM34,P.r1.TRIM34,P.r2.TRIM34,202
52,TRIM16L,P.r1.TRIM16L,P.r2.TRIM16L,204
53,TRABD2A,P.r1.TRABD2A,P.r2.TRABD2A,215
54,TPRG1,P.r2.TPRG1,P.r3.TPRG1,219
55,TPRA1,P.r1.TPRA1,P.r2.TPRA1,220
56,TPM1,P.r1.TPM1,P.r2.TPM1,224
57,TPI1,P.r1.TPI1,P.r2.TPI1,225
58,TNS4,P.r1.TNS4,P.r2.TNS4,234
59,TNPO2,P.r1.TNPO2,P.r2.TNPO2,237
60,TNPO1,P.r1.TNPO1,P.r2.TNPO1,238
61,TMEM94,P.r1.TMEM94,P.r2.TMEM94,250
62,TMEM43,P.r1.TMEM43,P.r2.TMEM43,258
63,TMEM202-AS1,P.r1.TMEM202.AS1,P.r2.TMEM202.AS1,269
64,TMEM176A,P.r1.TMEM176A,P.r2.TMEM176A,273
65,TMCO1,P.r1.TMCO1,P.r2.TMCO1,277
66,TINAGL1,P.r1.TINAGL1,P.r2.TINAGL1,299
67,TESPA1,P.r1.TESPA1,P.r2.TESPA1,320
68,TENT4B,P.r1.TENT4B,P.r2.TENT4B,323
69,TEAD2,P.r1.TEAD2,P.r2.TEAD2,327
70,TCF3,P.r2.TCF3,P.r3.TCF3,335
71,TCEA2,P.r1.TCEA2,P.r2.TCEA2,338
72,TBRG1,P.r1.TBRG1,P.r2.TBRG1,341
73,TBC1D1,P.r2.TBC1D1,P.r3.TBC1D1,350
74,TACC3,P.r2.TACC3,P.r4.TACC3,357
75,SYVN1,P.r1.SYVN1,P.r2.SYVN1,360
76,SYT17,P.r1.SYT17,P.r2.SYT17,363
77,SYNE2,P.r4.SYNE2,P.r5.SYNE2,367
78,SULT1A1,P.r1.SULT1A1,P.r2.SULT1A1,380
79,SUGCT,P.r1.SUGCT,P.r2.SUGCT,382
80,SUCLA2,P.r1.SUCLA2,P.r2.SUCLA2,383
81,STARD13,P.r1.STARD13,P.r2.STARD13,402
82,STAP2,P.r2.STAP2,P.r3.STAP2,403
83,STAM,P.r1.STAM,P.r2.STAM,404
84,ST6GAL1,P.r1.ST6GAL1,P.r3.ST6GAL1,408
85,SRGAP2C,P.r1.SRGAP2C,P.r2.SRGAP2C,419
86,SQSTM1,P.r2.SQSTM1,P.r3.SQSTM1,423
87,SPON2,P.r2.SPON2,P.r3.SPON2,429
88,SPNS3,P.r1.SPNS3,P.r2.SPNS3,430
89,SPHK1,P.r1.SPHK1,P.r2.SPHK1,433
90,SPART,P.r1.SPART,P.r2.SPART,439
91,SPAG4,P.r1.SPAG4,P.r2.SPAG4,441
92,SOD2,P.r1.SOD2,P.r2.SOD2,451
93,SNX8,P.r2.SNX8,P.r4.SNX8,454
94,SNX1,P.r1.SNX1,P.r2.SNX1,458
95,SMN2,P.r2.SMN2,P.r3.SMN2,472
96,SMIM20,P.r1.SMIM20,P.r2.SMIM20,476
97,SMG8,P.r1.SMG8,P.r2.SMG8,477
98,SMG6,P.r2.SMG6,P.r3.SMG6,478
99,SMCO4,P.r1.SMCO4,P.r2.SMCO4,480
100,SMARCD3,P.r1.SMARCD3,P.r2.SMARCD3,482
101,SLC7A5,P.r1.SLC7A5,P.r2.SLC7A5,494
102,SLC29A1,P.r1.SLC29A1,P.r2.SLC29A1,515
103,SLC25A44,P.r1.SLC25A44,P.r2.SLC25A44,518
104,SLC16A1,P.r1.SLC16A1,P.r2.SLC16A1,533
105,SKI,P.r1.SKI,P.r2.SKI,541
106,SIN3A,P.r1.SIN3A,P.r2.SIN3A,543
107,SHISA8,P.r1.SHISA8,P.r2.SHISA8,550
108,SHC4,P.r1.SHC4,P.r2.SHC4,552
109,SGK3,P.r1.SGK3,P.r2.SGK3,568
110,SGK1,P.r1.SGK1,P.r2.SGK1,569
111,SFXN1,P.r1.SFXN1,P.r2.SFXN1,572
112,SFPQ,P.r1.SFPQ,P.r2.SFPQ,573
113,SET,P.r1.SET,P.r2.SET,578
114,SESN3,P.r1.SESN3,P.r2.SESN3,579
115,SERPINB6,P.r1.SERPINB6,P.r2.SERPINB6,582
116,SERPINA1,P.r1.SERPINA1,P.r2.SERPINA1,583
117,SEMA4D,P.r1.SEMA4D,P.r2.SEMA4D,586
118,SEMA4A,P.r1.SEMA4A,P.r2.SEMA4A,589
119,SELL,P.r2.SELL,P.r3.SELL,591
120,SEC63,P.r1.SEC63,P.r2.SEC63,593
121,SEC61G,P.r1.SEC61G,P.r2.SEC61G,594
122,SCRN3,P.r1.SCRN3,P.r2.SCRN3,599
123,SCNN1A,P.r1.SCNN1A,P.r2.SCNN1A,601
124,SCFD1,P.r1.SCFD1,P.r2.SCFD1,604
125,S100A2,P.r1.S100A2,P.r2.S100A2,615
126,RTKN,P.r1.RTKN,P.r2.RTKN,623
127,RRAS2,P.r1.RRAS2,P.r2.RRAS2,629
128,RPTOR,P.r1.RPTOR,P.r2.RPTOR,630
129,RPS28,P.r1.RPS28,P.r2.RPS28,636
130,RPRD1B,P.r1.RPRD1B,P.r2.RPRD1B,640
131,RPLP0,P.r1.RPLP0,P.r2.RPLP0,642
132,RNF207,P.r1.RNF207,P.r2.RNF207,661
133,RMI2,P.r1.RMI2,P.r2.RMI2,669
134,RIMKLB,P.r1.RIMKLB,P.r2.RIMKLB,677
135,RILP,P.r1.RILP,P.r2.RILP,678
136,RHOF,P.r1.RHOF,P.r3.RHOF,681
137,RGS3,P.r1.RGS3,P.r2.RGS3,686
138,RGS14,P.r1.RGS14,P.r2.RGS14,687
139,RGS10,P.r2.RGS10,P.r3.RGS10,689
140,RGPD5,P.r1.RGPD5,P.r2.RGPD5,690
141,RGL1,P.r1.RGL1,P.r2.RGL1,692
142,RFX2,P.r1.RFX2,P.r2.RFX2,693
143,RFTN1,P.r1.RFTN1,P.r2.RFTN1,694
144,RFESD,P.r1.RFESD,P.r2.RFESD,696
145,RCCD1,P.r1.RCCD1,P.r2.RCCD1,704
146,RBM39,P.r1.RBM39,P.r2.RBM39,709
147,RBM15,P.r1.RBM15,P.r2.RBM15,712
148,RASSF5,P.r1.RASSF5,P.r2.RASSF5,718
149,RALGPS1,P.r1.RALGPS1,P.r2.RALGPS1,732
150,RAF1,P.r1.RAF1,P.r2.RAF1,736
151,RABGAP1L,P.r1.RABGAP1L,P.r3.RABGAP1L,741
152,RAB40C,P.r1.RAB40C,P.r2.RAB40C,742
153,PXK,P.r1.PXK,P.r2.PXK,752
154,PVT1,P.r1.PVT1,P.r3.PVT1,753
155,PVRIG,P.r2.PVRIG,P.r3.PVRIG,754
156,PTPRK,P.r1.PTPRK,P.r2.PTPRK,757
157,PTP4A2,P.r2.PTP4A2,P.r3.PTP4A2,765
158,PTDSS2,P.r1.PTDSS2,P.r2.PTDSS2,772
159,PTAFR,P.r1.PTAFR,P.r2.PTAFR,775
160,PSMB9,P.r1.PSMB9,P.r4.PSMB9,781
161,PRRX1,P.r1.PRRX1,P.r2.PRRX1,786
162,PRMT7,P.r1.PRMT7,P.r2.PRMT7,798
163,PRKAR1B,P.r1.PRKAR1B,P.r2.PRKAR1B,809
164,PRICKLE2,P.r1.PRICKLE2,P.r2.PRICKLE2,813
165,PRDM15,P.r1.PRDM15,P.r2.PRDM15,817
166,PRCC,P.r2.PRCC,P.r3.PRCC,821
167,PPP1R7,P.r1.PPP1R7,P.r2.PPP1R7,829
168,PPP1R26-AS1,P.r1.PPP1R26.AS1,P.r2.PPP1R26.AS1,832
169,PPIE,P.r1.PPIE,P.r2.PPIE,841
170,POU2F2,P.r1.POU2F2,P.r2.POU2F2,848
171,POLR3E,P.r1.POLR3E,P.r2.POLR3E,854
172,POLR1A,P.r2.POLR1A,P.r3.POLR1A,856
173,POLD4,P.r1.POLD4,P.r2.POLD4,860
174,POFUT2,P.r1.POFUT2,P.r2.POFUT2,862
175,PMEL,P.r1.PMEL,P.r2.PMEL,870
176,PLEKHA5,P.r1.PLEKHA5,P.r2.PLEKHA5,885
177,PLCXD1,P.r1.PLCXD1,P.r2.PLCXD1,890
178,PLCD1,P.r1.PLCD1,P.r2.PLCD1,894
179,PLB1,P.r1.PLB1,P.r2.PLB1,896
180,PLAUR,P.r1.PLAUR,P.r2.PLAUR,897
181,PLA2G6,P.r1.PLA2G6,P.r2.PLA2G6,898
182,PITPNC1,P.r2.PITPNC1,P.r3.PITPNC1,903
183,PITPNB,P.r1.PITPNB,P.r2.PITPNB,904
184,PITHD1,P.r1.PITHD1,P.r2.PITHD1,905
185,PIK3R2,P.r1.PIK3R2,P.r3.PIK3R2,909
186,PIGA,P.r1.PIGA,P.r2.PIGA,915
187,PIAS3,P.r1.PIAS3,P.r2.PIAS3,918
188,PI4KA,P.r1.PI4KA,P.r2.PI4KA,919
189,PHYH,P.r1.PHYH,P.r2.PHYH,921
190,PHPT1,P.r1.PHPT1,P.r2.PHPT1,923
191,PGRMC2,P.r1.PGRMC2,P.r2.PGRMC2,929
192,PFKFB3,P.r1.PFKFB3,P.r3.PFKFB3,936
193,PECR,P.r1.PECR,P.r2.PECR,943
194,PDE7A,P.r1.PDE7A,P.r2.PDE7A,956
195,PDE4D,P.r1.PDE4D,P.r2.PDE4D,959
196,PDE4A,P.r1.PDE4A,P.r2.PDE4A,961
197,PAX9,P.r1.PAX9,P.r2.PAX9,974
198,PATZ1,P.r1.PATZ1,P.r2.PATZ1,977
199,PARVB,P.r1.PARVB,P.r2.PARVB,980
200,PARP3,P.r1.PARP3,P.r2.PARP3,981
201,PARP1,P.r1.PARP1,P.r2.PARP1,984
202,PALM2-AKAP2,P.r1.PALM2.AKAP2,P.r2.PALM2.AKAP2,988
203,OXSM,P.r1.OXSM,P.r2.OXSM,1000
204,OXR1,P.r1.OXR1,P.r2.OXR1,1001
205,OTUD4,P.r1.OTUD4,P.r2.OTUD4,1003
206,OSBPL3,P.r1.OSBPL3,P.r2.OSBPL3,1007
207,OLR1,P.r1.OLR1,P.r2.OLR1,1013
208,NUTM2A-AS1,P.r1.NUTM2A.AS1,P.r2.NUTM2A.AS1,1022
209,NUDT1,P.r1.NUDT1,P.r2.NUDT1,1027
210,NSMCE1,P.r1.NSMCE1,P.r2.NSMCE1,1037
211,NRSN2-AS1,P.r2.NRSN2.AS1,P.r3.NRSN2.AS1,1040
212,NRN1,P.r1.NRN1,P.r2.NRN1,1043
213,NRDE2,P.r1.NRDE2,P.r2.NRDE2,1044
214,NR2C2,P.r1.NR2C2,P.r2.NR2C2,1046
215,NPAS1,P.r1.NPAS1,P.r2.NPAS1,1056
216,NOL4L,P.r1.NOL4L,P.r2.NOL4L,1063
217,NOL3,P.r1.NOL3,P.r2.NOL3,1064
218,NEURL3,P.r1.NEURL3,P.r2.NEURL3,1086
219,NDC80,P.r1.NDC80,P.r2.NDC80,1100
220,NCAPD2,P.r1.NCAPD2,P.r2.NCAPD2,1112
221,NAGK,P.r1.NAGK,P.r2.NAGK,1119
222,MYO7B,P.r1.MYO7B,P.r2.MYO7B,1128
223,MYEOV,P.r1.MYEOV,P.r2.MYEOV,1139
224,MTSS1,P.r1.MTSS1,P.r2.MTSS1,1150
225,MTMR11,P.r1.MTMR11,P.r2.MTMR11,1152
226,MTA1,P.r1.MTA1,P.r2.MTA1,1159
227,MRPS2,P.r1.MRPS2,P.r2.MRPS2,1167
228,MPHOSPH6,P.r1.MPHOSPH6,P.r2.MPHOSPH6,1179
229,MPEG1,P.r1.MPEG1,P.r2.MPEG1,1180
230,MORN1,P.r1.MORN1,P.r2.MORN1,1182
231,MNDA,P.r1.MNDA,P.r2.MNDA,1187
232,MND1,P.r1.MND1,P.r2.MND1,1188
233,MIR9-3HG,P.r1.MIR9.3HG,P.r2.MIR9.3HG,1198
234,MIR3681HG,P.r1.MIR3681HG,P.r2.MIR3681HG,1200
235,MIR29B2CHG,P.r1.MIR29B2CHG,P.r2.MIR29B2CHG,1201
236,MINDY1,P.r1.MINDY1,P.r2.MINDY1,1204
237,MGP,P.r1.MGP,P.r2.MGP,1212
238,MGAT5,P.r1.MGAT5,P.r2.MGAT5,1214
239,MFSD12,P.r1.MFSD12,P.r2.MFSD12,1221
240,MFSD11,P.r1.MFSD11,P.r2.MFSD11,1222
241,MEI1,P.r1.MEI1,P.r2.MEI1,1239
242,MED13L,P.r1.MED13L,P.r2.MED13L,1244
243,MCC,P.r1.MCC,P.r2.MCC,1259
244,MCAM,P.r1.MCAM,P.r2.MCAM,1260
245,MATK,P.r1.MATK,P.r3.MATK,1266
246,MAST4,P.r1.MAST4,P.r3.MAST4,1268
247,MAPK8IP3,P.r1.MAPK8IP3,P.r2.MAPK8IP3,1277
248,MAP4K5,P.r1.MAP4K5,P.r2.MAP4K5,1282
249,MAP2K2,P.r1.MAP2K2,P.r2.MAP2K2,1291
250,MAN2C1,P.r1.MAN2C1,P.r2.MAN2C1,1293
251,MAGED1,P.r1.MAGED1,P.r2.MAGED1,1300
252,MAFF,P.r1.MAFF,P.r2.MAFF,1302
253,MAF,P.r1.MAF,P.r2.MAF,1303
254,MACROD2,P.r1.MACROD2,P.r2.MACROD2,1308
255,LYPLA2,P.r1.LYPLA2,P.r2.LYPLA2,1314
256,LUZP1,P.r1.LUZP1,P.r2.LUZP1,1316
257,LUCAT1,P.r1.LUCAT1,P.r2.LUCAT1,1318
258,LTF,P.r1.LTF,P.r2.LTF,1319
259,LMBRD1,P.r1.LMBRD1,P.r3.LMBRD1,1351
260,LIPE-AS1,P.r1.LIPE.AS1,P.r3.LIPE.AS1,1354
261,LINC02235,P.r1.LINC02235,P.r2.LINC02235,1360
262,LINC01962,P.r1.LINC01962,P.r2.LINC01962,1362
263,LINC00299,P.r1.LINC00299,P.r4.LINC00299,1384
264,LINC00158,P.r1.LINC00158,P.r2.LINC00158,1386
265,LIMS1,P.r1.LIMS1,P.r2.LIMS1,1389
266,LILRB2,P.r1.LILRB2,P.r2.LILRB2,1393
267,LGALS8,P.r1.LGALS8,P.r2.LGALS8,1400
268,LEF1,P.r1.LEF1,P.r3.LEF1,1404
269,LDHA,P.r1.LDHA,P.r2.LDHA,1408
270,LCOR,P.r1.LCOR,P.r2.LCOR,1411
271,LCN10,P.r1.LCN10,P.r2.LCN10,1413
272,L3MBTL1,P.r1.L3MBTL1,P.r2.L3MBTL1,1424
273,KMT5C,P.r1.KMT5C,P.r2.KMT5C,1434
274,KMT2A,P.r1.KMT2A,P.r2.KMT2A,1435
275,KLRK1,P.r1.KLRK1,P.r2.KLRK1,1436
276,KLHL22,P.r1.KLHL22,P.r2.KLHL22,1441
277,KLHDC4,P.r1.KLHDC4,P.r2.KLHDC4,1443
278,KLF7,P.r1.KLF7,P.r2.KLF7,1444
279,KLF13,P.r1.KLF13,P.r2.KLF13,1447
280,KLC1,P.r1.KLC1,P.r2.KLC1,1449
281,KIFC2,P.r1.KIFC2,P.r2.KIFC2,1451
282,KIF23,P.r1.KIF23,P.r2.KIF23,1454
283,KIF13B,P.r1.KIF13B,P.r2.KIF13B,1456
284,KIAA0319L,P.r1.KIAA0319L,P.r2.KIAA0319L,1460
285,KCTD2,P.r1.KCTD2,P.r2.KCTD2,1464
286,KCNE3,P.r1.KCNE3,P.r2.KCNE3,1471
287,KATNBL1,P.r1.KATNBL1,P.r2.KATNBL1,1473
288,KANK3,P.r1.KANK3,P.r2.KANK3,1481
289,JUP,P.r1.JUP,P.r2.JUP,1482
290,JARID2,P.r1.JARID2,P.r3.JARID2,1487
291,IVD,P.r1.IVD,P.r2.IVD,1489
292,ITK,P.r1.ITK,P.r2.ITK,1495
293,ITGB2,P.r1.ITGB2,P.r2.ITGB2,1497
294,ITGB1-DT,P.r1.ITGB1.DT,P.r2.ITGB1.DT,1498
295,ISLR,P.r1.ISLR,P.r2.ISLR,1505
296,IRF8,P.r2.IRF8,P.r3.IRF8,1511
297,IQSEC2,P.r1.IQSEC2,P.r2.IQSEC2,1517
298,IQSEC1,P.r1.IQSEC1,P.r2.IQSEC1,1518
299,IQCJ-SCHIP1,P.r1.IQCJ.SCHIP1,P.r2.IQCJ.SCHIP1,1519
300,IL12RB1,P.r1.IL12RB1,P.r2.IL12RB1,1542
301,IGFLR1,P.r1.IGFLR1,P.r2.IGFLR1,1546
302,IFT27,P.r1.IFT27,P.r2.IFT27,1550
303,IFI16,P.r1.IFI16,P.r2.IFI16,1554
304,HSD17B12,P.r1.HSD17B12,P.r2.HSD17B12,1571
305,HPS4,P.r2.HPS4,P.r3.HPS4,1576
306,HNRNPL,P.r1.HNRNPL,P.r3.HNRNPL,1584
307,HNRNPF,P.r2.HNRNPF,P.r3.HNRNPF,1586
308,HNRNPA1,P.r1.HNRNPA1,P.r2.HNRNPA1,1589
309,HLA-DPA1,P.r1.HLA.DPA1,P.r2.HLA.DPA1,1598
310,HEY2,P.r1.HEY2,P.r2.HEY2,1607
311,HELZ,P.r1.HELZ,P.r2.HELZ,1613
312,HECW2,P.r1.HECW2,P.r2.HECW2,1614
313,HDLBP,P.r1.HDLBP,P.r2.HDLBP,1615
314,HDAC6,P.r1.HDAC6,P.r2.HDAC6,1620
315,HDAC5,P.r1.HDAC5,P.r2.HDAC5,1621
316,HADHB,P.r1.HADHB,P.r2.HADHB,1626
317,GSX2,P.r1.GSX2,P.r2.GSX2,1635
318,GRK2,P.r1.GRK2,P.r3.GRK2,1643
319,GRB10,P.r1.GRB10,P.r2.GRB10,1646
320,GRAP,P.r1.GRAP,P.r2.GRAP,1649
321,GPR137,P.r1.GPR137,P.r2.GPR137,1659
322,GPBP1L1,P.r2.GPBP1L1,P.r3.GPBP1L1,1665
323,GLT8D1,P.r1.GLT8D1,P.r2.GLT8D1,1682
324,GIMAP5,P.r1.GIMAP5,P.r2.GIMAP5,1687
325,GAS7,P.r1.GAS7,P.r2.GAS7,1707
326,GAK,P.r1.GAK,P.r2.GAK,1713
327,GABRP,P.r1.GABRP,P.r2.GABRP,1714
328,G3BP1,P.r1.G3BP1,P.r2.G3BP1,1717
329,FTSJ3,P.r1.FTSJ3,P.r2.FTSJ3,1724
330,FSBP,P.r1.FSBP,P.r2.FSBP,1728
331,FRMD4B,P.r1.FRMD4B,P.r2.FRMD4B,1730
332,FRMD4A,P.r1.FRMD4A,P.r2.FRMD4A,1731
333,FNBP1,P.r1.FNBP1,P.r2.FNBP1,1749
334,FLNA,P.r1.FLNA,P.r2.FLNA,1753
335,FLI1,P.r1.FLI1,P.r2.FLI1,1754
336,FKBP8,P.r1.FKBP8,P.r2.FKBP8,1755
337,FGR,P.r1.FGR,P.r2.FGR,1764
338,FDFT1,P.r1.FDFT1,P.r2.FDFT1,1772
339,FBXW8,P.r1.FBXW8,P.r2.FBXW8,1779
340,FBXO27,P.r1.FBXO27,P.r2.FBXO27,1785
341,FBXL20,P.r1.FBXL20,P.r2.FBXL20,1788
342,FBRSL1,P.r1.FBRSL1,P.r2.FBRSL1,1790
343,FBLN7,P.r1.FBLN7,P.r2.FBLN7,1791
344,FAM83G,P.r1.FAM83G,P.r2.FAM83G,1794
345,FAM72B,P.r1.FAM72B,P.r2.FAM72B,1796
346,FAM72A,P.r1.FAM72A,P.r2.FAM72A,1797
347,FAM53C,P.r1.FAM53C,P.r2.FAM53C,1798
348,FAM30A,P.r2.FAM30A,P.r3.FAM30A,1800
349,FAM157C,P.r1.FAM157C,P.r2.FAM157C,1810
350,FAM13A,P.r1.FAM13A,P.r2.FAM13A,1813
351,FAM117A,P.r1.FAM117A,P.r2.FAM117A,1818
352,FAM111A,P.r2.FAM111A,P.r3.FAM111A,1819
353,FAM107B,P.r1.FAM107B,P.r2.FAM107B,1821
354,FAAP20,P.r1.FAAP20,P.r2.FAAP20,1825
355,EYA4,P.r1.EYA4,P.r2.EYA4,1826
356,EYA3,P.r1.EYA3,P.r2.EYA3,1827
357,ETV5,P.r1.ETV5,P.r2.ETV5,1835
358,ETV2,P.r1.ETV2,P.r2.ETV2,1837
359,ETFA,P.r1.ETFA,P.r2.ETFA,1839
360,ESPN,P.r1.ESPN,P.r2.ESPN,1842
361,ERICH3,P.r1.ERICH3,P.r2.ERICH3,1846
362,ERCC1,P.r1.ERCC1,P.r4.ERCC1,1849
363,ERC1,P.r1.ERC1,P.r2.ERC1,1850
364,ERAP2,P.r1.ERAP2,P.r2.ERAP2,1852
365,EIPR1,P.r1.EIPR1,P.r2.EIPR1,1870
366,EIF5,P.r1.EIF5,P.r3.EIF5,1871
367,EIF3B,P.r1.EIF3B,P.r2.EIF3B,1877
368,EIF1,P.r1.EIF1,P.r2.EIF1,1879
369,EDEM1,P.r1.EDEM1,P.r3.EDEM1,1891
370,EDARADD,P.r1.EDARADD,P.r2.EDARADD,1892
371,ECE1,P.r1.ECE1,P.r2.ECE1,1893
372,DUT,P.r1.DUT,P.r2.DUT,1905
373,DUSP5,P.r1.DUSP5,P.r2.DUSP5,1906
374,DUSP16,P.r1.DUSP16,P.r2.DUSP16,1909
375,DUS2,P.r2.DUS2,P.r3.DUS2,1911
376,DSE,P.r1.DSE,P.r2.DSE,1916
377,DRAIC,P.r1.DRAIC,P.r2.DRAIC,1918
378,DPYSL3,P.r1.DPYSL3,P.r2.DPYSL3,1919
379,DPF1,P.r1.DPF1,P.r2.DPF1,1923
380,DPEP2,P.r1.DPEP2,P.r2.DPEP2,1924
381,DPAGT1,P.r1.DPAGT1,P.r2.DPAGT1,1925
382,DOK1,P.r1.DOK1,P.r2.DOK1,1928
383,DNASE1L3,P.r1.DNASE1L3,P.r2.DNASE1L3,1934
384,DNAJC17,P.r2.DNAJC17,P.r3.DNAJC17,1937
385,DNAAF5,P.r1.DNAAF5,P.r2.DNAAF5,1945
386,DIXDC1,P.r1.DIXDC1,P.r2.DIXDC1,1956
387,DERL1,P.r1.DERL1,P.r2.DERL1,1968
388,DBNDD1,P.r1.DBNDD1,P.r2.DBNDD1,1984
389,CYTOR,P.r3.CYTOR,P.r6.CYTOR,1993
390,CYHR1,P.r1.CYHR1,P.r2.CYHR1,1996
391,CYB5R2,P.r1.CYB5R2,P.r2.CYB5R2,2000
392,CXXC1,P.r1.CXXC1,P.r2.CXXC1,2004
393,CXCR2,P.r1.CXCR2,P.r2.CXCR2,2005
394,CTSH,P.r1.CTSH,P.r2.CTSH,2011
395,CTNND1,P.r1.CTNND1,P.r2.CTNND1,2013
396,CTNNBIP1,P.r1.CTNNBIP1,P.r2.CTNNBIP1,2015
397,CTDSP1,P.r1.CTDSP1,P.r2.CTDSP1,2017
398,CRTC3,P.r1.CRTC3,P.r2.CRTC3,2022
399,CPVL,P.r1.CPVL,P.r2.CPVL,2028
400,CPAMD8,P.r1.CPAMD8,P.r2.CPAMD8,2034
401,COL1A1,P.r1.COL1A1,P.r2.COL1A1,2049
402,CNOT8,P.r1.CNOT8,P.r2.CNOT8,2052
403,CNIH2,P.r1.CNIH2,P.r2.CNIH2,2058
404,CMC2,P.r2.CMC2,P.r3.CMC2,2061
405,CMC1,P.r1.CMC1,P.r2.CMC1,2062
406,CLN3,P.r2.CLN3,P.r3.CLN3,2068
407,CLIP4,P.r1.CLIP4,P.r2.CLIP4,2070
408,CKB,P.r1.CKB,P.r2.CKB,2080
409,CHPF,P.r1.CHPF,P.r2.CHPF,2085
410,CHEK2,P.r1.CHEK2,P.r2.CHEK2,2090
411,CHAF1A,P.r2.CHAF1A,P.r3.CHAF1A,2094
412,CENPT,P.r1.CENPT,P.r2.CENPT,2106
413,CDH1,P.r1.CDH1,P.r2.CDH1,2115
414,CD99,P.r1.CD99,P.r2.CD99,2121
415,CD244,P.r1.CD244,P.r2.CD244,2130
416,CCL20,P.r1.CCL20,P.r3.CCL20,2143
417,CCDC28B,P.r1.CCDC28B,P.r2.CCDC28B,2150
418,CCDC112,P.r1.CCDC112,P.r2.CCDC112,2156
419,CBFA2T3,P.r1.CBFA2T3,P.r2.CBFA2T3,2159
420,CATSPERG,P.r1.CATSPERG,P.r2.CATSPERG,2161
421,CASP9,P.r1.CASP9,P.r2.CASP9,2163
422,CASP7,P.r1.CASP7,P.r2.CASP7,2164
423,CAPS2,P.r1.CAPS2,P.r2.CAPS2,2172
424,CAPNS1,P.r1.CAPNS1,P.r2.CAPNS1,2173
425,CALCOCO2,P.r1.CALCOCO2,P.r2.CALCOCO2,2184
426,CABIN1,P.r1.CABIN1,P.r2.CABIN1,2188
427,CA11,P.r2.CA11,P.r3.CA11,2193
428,C9orf43,P.r1.C9orf43,P.r2.C9orf43,2194
429,C2orf92,P.r1.C2orf92,P.r2.C2orf92,2199
430,C21orf58,P.r1.C21orf58,P.r2.C21orf58,2202
431,C20orf27,P.r1.C20orf27,P.r2.C20orf27,2203
432,C1orf112,P.r1.C1orf112,P.r2.C1orf112,2208
433,C1orf109,P.r1.C1orf109,P.r2.C1orf109,2209
434,C17orf99,P.r1.C17orf99,P.r2.C17orf99,2213
435,C11orf21,P.r1.C11orf21,P.r2.C11orf21,2222
436,BUB1B,P.r1.BUB1B,P.r2.BUB1B,2224
437,BTBD19,P.r1.BTBD19,P.r2.BTBD19,2229
438,BTBD11,P.r1.BTBD11,P.r2.BTBD11,2230
439,BRPF3,P.r1.BRPF3,P.r2.BRPF3,2232
440,BLOC1S2,P.r1.BLOC1S2,P.r2.BLOC1S2,2246
441,BICRA,P.r1.BICRA,P.r2.BICRA,2251
442,BCL2L13,P.r2.BCL2L13,P.r3.BCL2L13,2257
443,BCL10,P.r1.BCL10,P.r2.BCL10,2260
444,BBS9,P.r1.BBS9,P.r2.BBS9,2264
445,BBC3,P.r1.BBC3,P.r3.BBC3,2265
446,BAZ2A,P.r1.BAZ2A,P.r2.BAZ2A,2267
447,AXIN2,P.r1.AXIN2,P.r2.AXIN2,2280
448,AUTS2,P.r1.AUTS2,P.r2.AUTS2,2281
449,ATP2A1,P.r1.ATP2A1,P.r2.ATP2A1,2294
450,ATAD2,P.r1.ATAD2,P.r2.ATAD2,2305
451,ASMTL,P.r1.ASMTL,P.r2.ASMTL,2307
452,ASCC1,P.r1.ASCC1,P.r2.ASCC1,2309
453,ASAH1,P.r1.ASAH1,P.r2.ASAH1,2312
454,ARRB2,P.r2.ARRB2,P.r3.ARRB2,2318
455,ARID4A,P.r2.ARID4A,P.r3.ARID4A,2326
456,ARHGEF37,P.r1.ARHGEF37,P.r2.ARHGEF37,2330
457,ARHGEF2,P.r3.ARHGEF2,P.r4.ARHGEF2,2333
458,ARHGEF1,P.r1.ARHGEF1,P.r2.ARHGEF1,2336
459,ARHGDIB,P.r2.ARHGDIB,P.r3.ARHGDIB,2337
460,ARHGAP9,P.r2.ARHGAP9,P.r3.ARHGAP9,2339
461,ARHGAP26,P.r1.ARHGAP26,P.r3.ARHGAP26,2345
462,ARHGAP25,P.r1.ARHGAP25,P.r2.ARHGAP25,2346
463,ARHGAP15,P.r1.ARHGAP15,P.r2.ARHGAP15,2350
464,ARAP1,P.r1.ARAP1,P.r3.ARAP1,2356
465,APBB2,P.r1.APBB2,P.r2.APBB2,2359
466,AP4S1,P.r1.AP4S1,P.r2.AP4S1,2362
467,AP3D1,P.r1.AP3D1,P.r2.AP3D1,2364
468,AP000787.1,P.r1.AP000787.1,P.r2.AP000787.1,2369
469,ANP32E,P.r1.ANP32E,P.r3.ANP32E,2371
470,ANKRD13D,P.r1.ANKRD13D,P.r2.ANKRD13D,2376
471,ANK1,P.r1.ANK1,P.r2.ANK1,2381
472,ALG8,P.r1.ALG8,P.r2.ALG8,2392
473,AL645728.1,P.r1.AL645728.1,P.r2.AL645728.1,2398
474,AL158801.2,P.r1.AL158801.2,P.r2.AL158801.2,2404
475,AK5,P.r1.AK5,P.r2.AK5,2422
476,AHNAK,P.r1.AHNAK,P.r3.AHNAK,2428
477,AHCYL2,P.r1.AHCYL2,P.r2.AHCYL2,2429
478,AHCTF1,P.r1.AHCTF1,P.r2.AHCTF1,2431
479,AFF1,P.r1.AFF1,P.r2.AFF1,2439
480,ADGRE2,P.r1.ADGRE2,P.r2.ADGRE2,2448
481,ADD3,P.r1.ADD3,P.r2.ADD3,2449
482,ADARB2,P.r1.ADARB2,P.r2.ADARB2,2454
483,ADAM10,P.r1.ADAM10,P.r2.ADAM10,2462
484,ACTG1,P.r1.ACTG1,P.r2.ACTG1,2465
485,ACOT9,P.r1.ACOT9,P.r2.ACOT9,2473
486,ACOT7,P.r1.ACOT7,P.r2.ACOT7,2474
487,ACAP3,P.r1.ACAP3,P.r2.ACAP3,2479
488,AC135048.3,P.r1.AC135048.3,P.r2.AC135048.3,2486
489,AC130343.2,P.r1.AC130343.2,P.r2.AC130343.2,2487
490,AC104461.1,P.r1.AC104461.1,P.r2.AC104461.1,2490
491,AC096564.1,P.r1.AC096564.1,P.r2.AC096564.1,2494
492,AC093330.1,P.r1.AC093330.1,P.r2.AC093330.1,2495
493,AC092164.1,P.r1.AC092164.1,P.r2.AC092164.1,2496
494,AC025580.2,P.r1.AC025580.2,P.r2.AC025580.2,2505
495,AC012368.1,P.r1.AC012368.1,P.r2.AC012368.1,2514
496,AC012236.1,P.r1.AC012236.1,P.r2.AC012236.1,2515
497,AC004540.1,P.r1.AC004540.1,P.r2.AC004540.1,2529
498,ABL1,P.r1.ABL1,P.r2.ABL1,2534
499,AAAS,P.r1.AAAS,P.r2.AAAS,2547
